"booking_id";"passenger_id";"flight_id";"booking_date"
1;241;573;"2025-04-06"
2;963;905;"2025-04-16"
3;851;177;"2025-04-20"
4;224;438;"2025-04-25"
5;289;803;"2025-04-18"
6;772;403;"2025-04-04"
7;799;661;"2025-04-22"
8;404;298;"2025-04-05"
9;461;642;"2025-04-27"
10;251;275;"2025-04-13"
11;452;605;"2025-04-16"
12;195;452;"2025-04-14"
13;160;337;"2025-04-14"
14;541;877;"2025-04-11"
15;278;726;"2025-04-08"
16;101;608;"2025-04-26"
17;777;694;"2025-04-02"
18;523;193;"2025-04-08"
19;823;876;"2025-04-01"
20;590;722;"2025-04-03"
21;153;439;"2025-04-22"
22;967;818;"2025-04-02"
23;865;201;"2025-04-10"
24;48;592;"2025-04-08"
25;158;239;"2025-04-17"
26;608;435;"2025-04-06"
27;454;541;"2025-04-07"
28;994;700;"2025-04-06"
29;444;739;"2025-04-21"
30;222;691;"2025-04-19"
31;835;827;"2025-04-12"
32;790;424;"2025-04-19"
33;579;746;"2025-04-09"
34;676;34;"2025-04-23"
35;276;54;"2025-04-01"
36;689;434;"2025-04-22"
37;253;140;"2025-04-29"
38;64;616;"2025-04-29"
39;916;765;"2025-04-13"
40;906;596;"2025-04-09"
41;946;393;"2025-04-19"
42;447;228;"2025-04-04"
43;824;183;"2025-04-05"
44;277;805;"2025-04-10"
45;375;672;"2025-04-13"
46;729;771;"2025-04-21"
47;137;5;"2025-04-07"
48;254;964;"2025-04-20"
49;328;869;"2025-04-14"
50;748;443;"2025-04-05"
51;441;675;"2025-04-25"
52;989;982;"2025-04-29"
53;225;881;"2025-04-06"
54;615;536;"2025-04-19"
55;378;11;"2025-04-18"
56;924;810;"2025-04-11"
57;414;68;"2025-04-11"
58;361;426;"2025-04-01"
59;668;586;"2025-04-05"
60;594;172;"2025-04-05"
61;857;624;"2025-04-26"
62;53;377;"2025-04-06"
63;635;804;"2025-04-23"
64;869;589;"2025-04-13"
65;45;140;"2025-04-18"
66;20;630;"2025-04-20"
67;735;715;"2025-04-26"
68;732;634;"2025-04-15"
69;234;752;"2025-04-13"
70;520;117;"2025-04-29"
71;840;930;"2025-04-14"
72;627;713;"2025-04-05"
73;796;852;"2025-04-02"
74;28;657;"2025-04-25"
75;70;166;"2025-04-18"
76;429;905;"2025-04-11"
77;498;494;"2025-04-07"
78;91;35;"2025-04-07"
79;853;499;"2025-04-15"
80;571;927;"2025-04-21"
81;695;746;"2025-04-12"
82;776;899;"2025-04-15"
83;292;503;"2025-04-14"
84;234;690;"2025-04-17"
85;885;583;"2025-04-14"
86;553;408;"2025-04-20"
87;241;283;"2025-04-12"
88;595;676;"2025-04-05"
89;356;153;"2025-04-23"
90;390;711;"2025-04-04"
91;367;468;"2025-04-05"
92;512;911;"2025-04-11"
93;480;520;"2025-04-24"
94;65;200;"2025-04-23"
95;469;741;"2025-04-14"
96;999;395;"2025-04-23"
97;137;820;"2025-04-28"
98;997;782;"2025-04-20"
99;936;844;"2025-04-15"
100;418;872;"2025-04-14"
101;3;62;"2025-04-09"
102;553;276;"2025-04-23"
103;148;802;"2025-04-24"
104;876;401;"2025-04-06"
105;203;388;"2025-04-14"
106;562;715;"2025-04-24"
107;799;956;"2025-04-01"
108;578;706;"2025-04-14"
109;926;623;"2025-04-20"
110;500;11;"2025-04-04"
111;342;910;"2025-04-24"
112;795;993;"2025-04-29"
113;686;230;"2025-04-12"
114;574;516;"2025-04-26"
115;721;947;"2025-04-28"
116;449;401;"2025-04-18"
117;404;69;"2025-04-07"
118;463;32;"2025-04-24"
119;723;680;"2025-04-23"
120;98;992;"2025-04-29"
121;588;552;"2025-04-09"
122;154;724;"2025-04-15"
123;517;837;"2025-04-15"
124;790;623;"2025-04-14"
125;288;551;"2025-04-26"
126;826;978;"2025-04-07"
127;163;714;"2025-04-01"
128;182;294;"2025-04-26"
129;544;213;"2025-04-03"
130;258;657;"2025-04-16"
131;453;496;"2025-04-10"
132;994;62;"2025-04-23"
133;407;542;"2025-04-14"
134;634;141;"2025-04-26"
135;610;89;"2025-04-08"
136;262;359;"2025-04-07"
137;743;335;"2025-04-03"
138;119;474;"2025-04-10"
139;621;29;"2025-04-23"
140;106;265;"2025-04-26"
141;700;90;"2025-04-30"
142;792;876;"2025-04-22"
143;807;644;"2025-04-16"
144;985;146;"2025-04-04"
145;155;321;"2025-04-05"
146;353;90;"2025-04-22"
147;184;375;"2025-04-30"
148;999;917;"2025-04-08"
149;757;469;"2025-04-23"
150;787;17;"2025-04-17"
151;117;964;"2025-04-20"
152;538;389;"2025-04-04"
153;269;879;"2025-04-14"
154;913;588;"2025-04-15"
155;789;557;"2025-04-24"
156;221;689;"2025-04-25"
157;849;289;"2025-04-12"
158;110;842;"2025-04-30"
159;633;797;"2025-04-20"
160;798;774;"2025-04-07"
161;523;527;"2025-04-26"
162;621;888;"2025-04-04"
163;857;950;"2025-04-23"
164;220;789;"2025-04-09"
165;46;730;"2025-04-02"
166;814;819;"2025-04-12"
167;528;722;"2025-04-17"
168;866;222;"2025-04-24"
169;430;3;"2025-04-28"
170;984;344;"2025-04-11"
171;305;985;"2025-04-18"
172;17;650;"2025-04-29"
173;597;635;"2025-04-30"
174;341;188;"2025-04-23"
175;497;659;"2025-04-21"
176;910;621;"2025-04-02"
177;461;372;"2025-04-18"
178;119;628;"2025-04-19"
179;806;651;"2025-04-23"
180;380;109;"2025-04-01"
181;594;884;"2025-04-25"
182;449;316;"2025-04-13"
183;257;428;"2025-04-09"
184;982;463;"2025-04-16"
185;645;231;"2025-04-30"
186;958;539;"2025-04-07"
187;563;140;"2025-04-13"
188;814;212;"2025-04-24"
189;809;584;"2025-04-22"
190;971;549;"2025-04-25"
191;835;821;"2025-04-09"
192;764;299;"2025-04-29"
193;650;425;"2025-04-08"
194;708;51;"2025-04-10"
195;178;282;"2025-04-22"
196;231;52;"2025-04-28"
197;201;689;"2025-04-21"
198;928;408;"2025-04-15"
199;456;46;"2025-04-06"
200;322;829;"2025-04-19"
201;638;631;"2025-04-06"
202;663;24;"2025-04-23"
203;585;959;"2025-04-03"
204;497;279;"2025-04-30"
205;258;28;"2025-04-26"
206;813;148;"2025-04-03"
207;446;151;"2025-04-14"
208;966;996;"2025-04-18"
209;594;12;"2025-04-12"
210;564;930;"2025-04-26"
211;591;582;"2025-04-02"
212;522;540;"2025-04-19"
213;850;698;"2025-04-29"
214;625;655;"2025-04-06"
215;566;157;"2025-04-16"
216;310;836;"2025-04-26"
217;970;953;"2025-04-22"
218;562;756;"2025-04-29"
219;410;550;"2025-04-14"
220;923;208;"2025-04-02"
221;740;607;"2025-04-26"
222;356;241;"2025-04-07"
223;621;666;"2025-04-14"
224;941;211;"2025-04-22"
225;89;431;"2025-04-20"
226;937;559;"2025-04-13"
227;345;79;"2025-04-15"
228;37;499;"2025-04-19"
229;289;733;"2025-04-26"
230;419;161;"2025-04-14"
231;836;706;"2025-04-21"
232;613;849;"2025-04-20"
233;415;514;"2025-04-19"
234;655;324;"2025-04-14"
235;806;68;"2025-04-04"
236;956;937;"2025-04-07"
237;444;780;"2025-04-29"
238;122;410;"2025-04-29"
239;206;434;"2025-04-01"
240;497;786;"2025-04-12"
241;216;559;"2025-04-08"
242;197;380;"2025-04-03"
243;100;898;"2025-04-18"
244;76;857;"2025-04-09"
245;134;142;"2025-04-10"
246;80;39;"2025-04-11"
247;962;232;"2025-04-27"
248;967;104;"2025-04-29"
249;789;689;"2025-04-24"
250;6;327;"2025-04-11"
251;225;654;"2025-04-24"
252;2;307;"2025-04-10"
253;423;806;"2025-04-27"
254;197;619;"2025-04-07"
255;614;740;"2025-04-01"
256;266;847;"2025-04-04"
257;399;882;"2025-04-14"
258;81;17;"2025-04-21"
259;616;310;"2025-04-24"
260;420;215;"2025-04-17"
261;307;928;"2025-04-22"
262;14;250;"2025-04-11"
263;186;191;"2025-04-17"
264;461;831;"2025-04-08"
265;351;31;"2025-04-29"
266;856;695;"2025-04-26"
267;786;332;"2025-04-29"
268;962;213;"2025-04-12"
269;991;110;"2025-04-04"
270;71;318;"2025-04-15"
271;794;87;"2025-04-10"
272;915;457;"2025-04-08"
273;211;151;"2025-04-17"
274;841;675;"2025-04-17"
275;777;451;"2025-04-09"
276;757;311;"2025-04-28"
277;126;627;"2025-04-17"
278;517;911;"2025-04-07"
279;743;107;"2025-04-09"
280;566;935;"2025-04-06"
281;232;273;"2025-04-02"
282;476;752;"2025-04-15"
283;193;40;"2025-04-11"
284;973;770;"2025-04-24"
285;625;548;"2025-04-18"
286;899;845;"2025-04-21"
287;609;562;"2025-04-05"
288;661;918;"2025-04-04"
289;123;908;"2025-04-15"
290;339;27;"2025-04-21"
291;733;987;"2025-04-22"
292;347;314;"2025-04-19"
293;193;152;"2025-04-11"
294;947;919;"2025-04-19"
295;637;840;"2025-04-06"
296;805;972;"2025-04-27"
297;868;841;"2025-04-13"
298;226;455;"2025-04-27"
299;868;924;"2025-04-01"
300;915;493;"2025-04-20"
301;624;753;"2025-04-27"
302;661;840;"2025-04-16"
303;545;671;"2025-04-04"
304;17;267;"2025-04-11"
305;525;69;"2025-04-02"
306;122;435;"2025-04-09"
307;201;816;"2025-04-01"
308;799;958;"2025-04-07"
309;88;3;"2025-04-08"
310;324;456;"2025-04-03"
311;738;322;"2025-04-08"
312;694;106;"2025-04-28"
313;216;358;"2025-04-29"
314;248;627;"2025-04-09"
315;162;468;"2025-04-10"
316;350;381;"2025-04-04"
317;796;824;"2025-04-14"
318;76;179;"2025-04-25"
319;938;42;"2025-04-30"
320;383;713;"2025-04-25"
321;358;26;"2025-04-20"
322;473;237;"2025-04-14"
323;675;796;"2025-04-26"
324;988;356;"2025-04-23"
325;797;411;"2025-04-06"
326;605;620;"2025-04-13"
327;632;206;"2025-04-07"
328;876;987;"2025-04-15"
329;971;45;"2025-04-26"
330;658;844;"2025-04-04"
331;372;892;"2025-04-30"
332;249;724;"2025-04-13"
333;764;158;"2025-04-12"
334;694;803;"2025-04-27"
335;554;649;"2025-04-19"
336;720;318;"2025-04-12"
337;497;196;"2025-04-03"
338;28;162;"2025-04-22"
339;946;319;"2025-04-14"
340;660;967;"2025-04-28"
341;282;799;"2025-04-23"
342;129;877;"2025-04-26"
343;630;189;"2025-04-20"
344;901;40;"2025-04-28"
345;728;720;"2025-04-29"
346;267;659;"2025-04-19"
347;704;965;"2025-04-24"
348;48;931;"2025-04-21"
349;12;189;"2025-04-26"
350;253;930;"2025-04-26"
351;767;79;"2025-04-29"
352;957;131;"2025-04-09"
353;482;407;"2025-04-28"
354;608;689;"2025-04-16"
355;757;917;"2025-04-27"
356;691;988;"2025-04-28"
357;139;572;"2025-04-29"
358;403;973;"2025-04-30"
359;455;894;"2025-04-11"
360;866;931;"2025-04-07"
361;448;396;"2025-04-07"
362;268;486;"2025-04-21"
363;836;843;"2025-04-25"
364;487;642;"2025-04-05"
365;616;682;"2025-04-18"
366;994;259;"2025-04-29"
367;369;584;"2025-04-05"
368;39;989;"2025-04-15"
369;171;268;"2025-04-25"
370;708;698;"2025-04-13"
371;596;24;"2025-04-25"
372;389;62;"2025-04-30"
373;555;26;"2025-04-29"
374;2;216;"2025-04-28"
375;966;14;"2025-04-24"
376;955;542;"2025-04-15"
377;529;239;"2025-04-14"
378;53;933;"2025-04-13"
379;133;728;"2025-04-04"
380;706;79;"2025-04-02"
381;969;23;"2025-04-18"
382;766;174;"2025-04-19"
383;829;557;"2025-04-04"
384;289;196;"2025-04-01"
385;103;505;"2025-04-14"
386;756;815;"2025-04-09"
387;41;949;"2025-04-22"
388;907;522;"2025-04-05"
389;984;105;"2025-04-08"
390;490;559;"2025-04-18"
391;423;317;"2025-04-06"
392;28;865;"2025-04-19"
393;532;543;"2025-04-28"
394;827;690;"2025-04-10"
395;304;845;"2025-04-26"
396;139;834;"2025-04-10"
397;979;147;"2025-04-19"
398;456;56;"2025-04-24"
399;841;269;"2025-04-30"
400;967;659;"2025-04-02"
401;626;789;"2025-04-27"
402;853;793;"2025-04-07"
403;537;903;"2025-04-16"
404;285;171;"2025-04-30"
405;151;991;"2025-04-09"
406;647;398;"2025-04-04"
407;310;904;"2025-04-19"
408;271;327;"2025-04-08"
409;109;487;"2025-04-16"
410;268;154;"2025-04-13"
411;590;931;"2025-04-13"
412;674;323;"2025-04-20"
413;341;32;"2025-04-30"
414;345;341;"2025-04-29"
415;660;685;"2025-04-17"
416;319;53;"2025-04-28"
417;501;511;"2025-04-10"
418;754;302;"2025-04-03"
419;775;169;"2025-04-22"
420;472;741;"2025-04-23"
421;708;955;"2025-04-22"
422;973;875;"2025-04-19"
423;87;32;"2025-04-05"
424;609;657;"2025-04-07"
425;86;11;"2025-04-25"
426;358;291;"2025-04-05"
427;839;575;"2025-04-11"
428;643;621;"2025-04-02"
429;723;452;"2025-04-11"
430;767;440;"2025-04-16"
431;9;203;"2025-04-11"
432;854;300;"2025-04-02"
433;431;127;"2025-04-07"
434;611;714;"2025-04-23"
435;397;547;"2025-04-11"
436;597;527;"2025-04-01"
437;424;115;"2025-04-01"
438;846;121;"2025-04-06"
439;483;882;"2025-04-20"
440;726;789;"2025-04-13"
441;960;933;"2025-04-20"
442;210;303;"2025-04-27"
443;684;893;"2025-04-05"
444;915;745;"2025-04-18"
445;461;69;"2025-04-03"
446;698;284;"2025-04-27"
447;212;958;"2025-04-30"
448;607;119;"2025-04-10"
449;272;418;"2025-04-23"
450;238;706;"2025-04-09"
451;805;445;"2025-04-27"
452;293;683;"2025-04-19"
453;910;529;"2025-04-18"
454;4;773;"2025-04-05"
455;707;806;"2025-04-08"
456;902;394;"2025-04-08"
457;734;45;"2025-04-21"
458;395;265;"2025-04-26"
459;618;958;"2025-04-11"
460;891;955;"2025-04-29"
461;723;796;"2025-04-05"
462;298;717;"2025-04-18"
463;178;714;"2025-04-26"
464;807;645;"2025-04-11"
465;876;677;"2025-04-08"
466;713;450;"2025-04-23"
467;250;400;"2025-04-20"
468;628;957;"2025-04-03"
469;434;57;"2025-04-20"
470;386;710;"2025-04-27"
471;571;995;"2025-04-25"
472;448;308;"2025-04-26"
473;141;939;"2025-04-13"
474;243;824;"2025-04-29"
475;176;138;"2025-04-07"
476;564;496;"2025-04-27"
477;54;655;"2025-04-29"
478;314;916;"2025-04-26"
479;951;292;"2025-04-16"
480;903;806;"2025-04-14"
481;57;887;"2025-04-10"
482;189;118;"2025-04-26"
483;155;439;"2025-04-10"
484;908;27;"2025-04-13"
485;796;940;"2025-04-28"
486;21;357;"2025-04-06"
487;935;450;"2025-04-14"
488;185;358;"2025-04-11"
489;307;976;"2025-04-03"
490;313;605;"2025-04-11"
491;525;166;"2025-04-17"
492;588;155;"2025-04-19"
493;265;7;"2025-04-21"
494;58;796;"2025-04-22"
495;615;504;"2025-04-22"
496;155;901;"2025-04-10"
497;894;174;"2025-04-02"
498;826;835;"2025-04-26"
499;29;936;"2025-04-01"
500;109;294;"2025-04-20"
501;573;7;"2025-04-19"
502;334;713;"2025-04-24"
503;65;577;"2025-04-08"
504;812;475;"2025-04-28"
505;199;108;"2025-04-22"
506;636;627;"2025-04-29"
507;764;264;"2025-04-07"
508;439;625;"2025-04-22"
509;517;477;"2025-04-16"
510;522;402;"2025-04-17"
511;108;395;"2025-04-06"
512;243;681;"2025-04-11"
513;890;682;"2025-04-22"
514;540;67;"2025-04-06"
515;827;374;"2025-04-12"
516;663;902;"2025-04-24"
517;602;253;"2025-04-20"
518;728;356;"2025-04-10"
519;503;858;"2025-04-17"
520;918;231;"2025-04-19"
521;309;152;"2025-04-12"
522;204;208;"2025-04-21"
523;846;455;"2025-04-07"
524;247;541;"2025-04-01"
525;893;257;"2025-04-19"
526;805;677;"2025-04-08"
527;305;376;"2025-04-19"
528;106;941;"2025-04-06"
529;679;609;"2025-04-29"
530;723;337;"2025-04-24"
531;55;375;"2025-04-29"
532;592;628;"2025-04-27"
533;492;202;"2025-04-25"
534;790;39;"2025-04-28"
535;168;805;"2025-04-03"
536;998;647;"2025-04-10"
537;48;308;"2025-04-14"
538;365;226;"2025-04-22"
539;558;337;"2025-04-27"
540;685;347;"2025-04-25"
541;476;14;"2025-04-21"
542;591;718;"2025-04-19"
543;714;704;"2025-04-24"
544;97;429;"2025-04-14"
545;332;944;"2025-04-06"
546;28;260;"2025-04-12"
547;368;35;"2025-04-04"
548;870;208;"2025-04-14"
549;779;33;"2025-04-08"
550;929;811;"2025-04-23"
551;730;592;"2025-04-04"
552;336;947;"2025-04-27"
553;126;79;"2025-04-21"
554;853;326;"2025-04-15"
555;959;970;"2025-04-27"
556;799;339;"2025-04-12"
557;183;447;"2025-04-12"
558;710;945;"2025-04-10"
559;247;832;"2025-04-02"
560;65;965;"2025-04-25"
561;33;785;"2025-04-09"
562;842;687;"2025-04-11"
563;531;555;"2025-04-09"
564;22;206;"2025-04-17"
565;391;221;"2025-04-28"
566;897;294;"2025-04-18"
567;729;797;"2025-04-07"
568;63;386;"2025-04-05"
569;81;875;"2025-04-15"
570;545;450;"2025-04-09"
571;31;176;"2025-04-13"
572;327;53;"2025-04-14"
573;261;470;"2025-04-25"
574;44;810;"2025-04-04"
575;995;460;"2025-04-20"
576;21;64;"2025-04-17"
577;823;76;"2025-04-17"
578;72;102;"2025-04-13"
579;769;624;"2025-04-08"
580;463;914;"2025-04-29"
581;874;941;"2025-04-03"
582;469;505;"2025-04-22"
583;332;753;"2025-04-19"
584;81;34;"2025-04-27"
585;417;18;"2025-04-21"
586;638;9;"2025-04-10"
587;352;900;"2025-04-27"
588;835;98;"2025-04-29"
589;466;542;"2025-04-16"
590;346;848;"2025-04-30"
591;419;61;"2025-04-10"
592;538;248;"2025-04-09"
593;358;121;"2025-04-12"
594;801;824;"2025-04-24"
595;614;591;"2025-04-09"
596;543;901;"2025-04-06"
597;30;971;"2025-04-04"
598;842;761;"2025-04-24"
599;725;257;"2025-04-08"
600;145;822;"2025-04-05"
601;680;139;"2025-04-03"
602;77;996;"2025-04-05"
603;550;963;"2025-04-19"
604;777;756;"2025-04-05"
605;846;283;"2025-04-16"
606;276;689;"2025-04-06"
607;541;555;"2025-04-28"
608;438;768;"2025-04-02"
609;75;745;"2025-04-29"
610;980;36;"2025-04-14"
611;123;166;"2025-04-07"
612;758;495;"2025-04-26"
613;830;655;"2025-04-14"
614;284;859;"2025-04-19"
615;841;640;"2025-04-05"
616;33;751;"2025-04-13"
617;209;347;"2025-04-05"
618;910;179;"2025-04-16"
619;883;774;"2025-04-30"
620;318;300;"2025-04-27"
621;324;52;"2025-04-14"
622;296;53;"2025-04-05"
623;781;542;"2025-04-06"
624;602;924;"2025-04-15"
625;162;43;"2025-04-28"
626;454;529;"2025-04-02"
627;237;296;"2025-04-16"
628;67;489;"2025-04-30"
629;806;256;"2025-04-27"
630;634;58;"2025-04-08"
631;729;503;"2025-04-01"
632;993;159;"2025-04-06"
633;987;379;"2025-04-21"
634;139;472;"2025-04-22"
635;692;190;"2025-04-10"
636;203;293;"2025-04-13"
637;392;963;"2025-04-26"
638;667;605;"2025-04-23"
639;728;983;"2025-04-23"
640;533;415;"2025-04-18"
641;379;2;"2025-04-10"
642;697;263;"2025-04-02"
643;211;753;"2025-04-03"
644;274;453;"2025-04-23"
645;715;123;"2025-04-25"
646;967;373;"2025-04-23"
647;458;912;"2025-04-03"
648;691;772;"2025-04-22"
649;671;711;"2025-04-14"
650;519;609;"2025-04-17"
651;518;298;"2025-04-14"
652;237;17;"2025-04-28"
653;250;136;"2025-04-28"
654;313;139;"2025-04-09"
655;674;132;"2025-04-21"
656;218;194;"2025-04-14"
657;275;532;"2025-04-10"
658;175;183;"2025-04-19"
659;140;607;"2025-04-10"
660;69;348;"2025-04-09"
661;254;170;"2025-04-26"
662;925;572;"2025-04-09"
663;191;597;"2025-04-17"
664;5;951;"2025-04-05"
665;587;760;"2025-04-30"
666;207;731;"2025-04-24"
667;620;258;"2025-04-10"
668;756;455;"2025-04-24"
669;840;399;"2025-04-08"
670;546;759;"2025-04-08"
671;864;41;"2025-04-25"
672;655;515;"2025-04-04"
673;326;807;"2025-04-05"
674;358;540;"2025-04-22"
675;114;891;"2025-04-08"
676;613;367;"2025-04-04"
677;689;737;"2025-04-05"
678;420;962;"2025-04-18"
679;547;393;"2025-04-17"
680;244;729;"2025-04-21"
681;666;984;"2025-04-05"
682;102;319;"2025-04-24"
683;405;12;"2025-04-13"
684;368;550;"2025-04-01"
685;563;858;"2025-04-22"
686;745;807;"2025-04-19"
687;832;855;"2025-04-25"
688;589;295;"2025-04-09"
689;643;422;"2025-04-23"
690;570;34;"2025-04-24"
691;576;211;"2025-04-12"
692;591;337;"2025-04-23"
693;158;647;"2025-04-26"
694;807;266;"2025-04-22"
695;447;958;"2025-04-02"
696;93;418;"2025-04-11"
697;491;638;"2025-04-11"
698;530;627;"2025-04-14"
699;900;191;"2025-04-08"
700;461;708;"2025-04-05"
701;824;269;"2025-04-02"
702;301;904;"2025-04-08"
703;282;156;"2025-04-05"
704;902;277;"2025-04-13"
705;390;63;"2025-04-16"
706;822;334;"2025-04-08"
707;646;666;"2025-04-09"
708;905;24;"2025-04-20"
709;307;847;"2025-04-10"
710;13;889;"2025-04-30"
711;816;95;"2025-04-09"
712;97;65;"2025-04-09"
713;845;305;"2025-04-13"
714;190;424;"2025-04-13"
715;348;170;"2025-04-15"
716;420;351;"2025-04-27"
717;293;836;"2025-04-24"
718;680;960;"2025-04-21"
719;29;810;"2025-04-05"
720;618;493;"2025-04-18"
721;384;359;"2025-04-06"
722;999;918;"2025-04-28"
723;866;218;"2025-04-13"
724;205;486;"2025-04-25"
725;219;703;"2025-04-14"
726;754;397;"2025-04-14"
727;183;67;"2025-04-18"
728;845;967;"2025-04-09"
729;709;35;"2025-04-09"
730;768;59;"2025-04-11"
731;640;200;"2025-04-22"
732;682;595;"2025-04-01"
733;35;616;"2025-04-18"
734;876;550;"2025-04-09"
735;539;141;"2025-04-26"
736;791;851;"2025-04-15"
737;275;931;"2025-04-19"
738;243;85;"2025-04-17"
739;101;985;"2025-04-09"
740;797;457;"2025-04-21"
741;668;614;"2025-04-11"
742;637;918;"2025-04-08"
743;829;968;"2025-04-16"
744;13;76;"2025-04-12"
745;106;467;"2025-04-01"
746;713;142;"2025-04-06"
747;892;611;"2025-04-08"
748;265;533;"2025-04-20"
749;368;320;"2025-04-02"
750;12;271;"2025-04-24"
751;745;748;"2025-04-06"
752;747;109;"2025-04-01"
753;40;806;"2025-04-02"
754;598;504;"2025-04-13"
755;910;313;"2025-04-08"
756;568;359;"2025-04-11"
757;764;430;"2025-04-01"
758;305;176;"2025-04-30"
759;202;953;"2025-04-05"
760;653;845;"2025-04-22"
761;536;145;"2025-04-14"
762;264;474;"2025-04-19"
763;926;849;"2025-04-05"
764;392;552;"2025-04-23"
765;814;312;"2025-04-13"
766;754;415;"2025-04-24"
767;64;157;"2025-04-11"
768;24;520;"2025-04-19"
769;705;686;"2025-04-30"
770;667;438;"2025-04-20"
771;62;780;"2025-04-11"
772;456;231;"2025-04-10"
773;371;643;"2025-04-06"
774;728;91;"2025-04-24"
775;773;545;"2025-04-25"
776;700;899;"2025-04-02"
777;570;434;"2025-04-16"
778;969;625;"2025-04-19"
779;565;717;"2025-04-14"
780;483;204;"2025-04-14"
781;526;737;"2025-04-03"
782;243;527;"2025-04-23"
783;162;853;"2025-04-06"
784;168;545;"2025-04-02"
785;537;94;"2025-04-28"
786;604;757;"2025-04-26"
787;161;709;"2025-04-16"
788;178;237;"2025-04-08"
789;458;234;"2025-04-15"
790;873;3;"2025-04-11"
791;503;455;"2025-04-09"
792;928;7;"2025-04-20"
793;284;737;"2025-04-18"
794;865;907;"2025-04-27"
795;539;215;"2025-04-12"
796;441;113;"2025-04-18"
797;988;406;"2025-04-06"
798;687;829;"2025-04-15"
799;155;859;"2025-04-20"
800;29;296;"2025-04-21"
801;878;642;"2025-04-29"
802;813;381;"2025-04-25"
803;739;917;"2025-04-22"
804;692;325;"2025-04-04"
805;962;67;"2025-04-22"
806;718;34;"2025-04-19"
807;971;101;"2025-04-18"
808;585;70;"2025-04-11"
809;571;630;"2025-04-16"
810;278;668;"2025-04-27"
811;149;336;"2025-04-21"
812;614;64;"2025-04-10"
813;143;697;"2025-04-01"
814;710;321;"2025-04-10"
815;339;276;"2025-04-15"
816;966;219;"2025-04-14"
817;997;670;"2025-04-09"
818;933;87;"2025-04-23"
819;74;687;"2025-04-01"
820;769;763;"2025-04-19"
821;565;292;"2025-04-06"
822;428;619;"2025-04-17"
823;91;543;"2025-04-24"
824;718;135;"2025-04-14"
825;270;83;"2025-04-12"
826;510;954;"2025-04-25"
827;328;471;"2025-04-21"
828;978;60;"2025-04-07"
829;846;122;"2025-04-17"
830;599;428;"2025-04-21"
831;891;784;"2025-04-09"
832;775;998;"2025-04-01"
833;288;392;"2025-04-17"
834;949;438;"2025-04-08"
835;176;134;"2025-04-27"
836;574;371;"2025-04-08"
837;231;4;"2025-04-25"
838;234;173;"2025-04-02"
839;52;590;"2025-04-26"
840;203;921;"2025-04-04"
841;466;259;"2025-04-15"
842;215;254;"2025-04-12"
843;941;308;"2025-04-12"
844;181;841;"2025-04-04"
845;44;865;"2025-04-03"
846;28;523;"2025-04-28"
847;683;563;"2025-04-02"
848;612;932;"2025-04-23"
849;726;116;"2025-04-15"
850;636;264;"2025-04-01"
851;53;537;"2025-04-11"
852;609;162;"2025-04-02"
853;30;670;"2025-04-11"
854;950;597;"2025-04-08"
855;298;673;"2025-04-04"
856;208;345;"2025-04-12"
857;482;689;"2025-04-12"
858;230;980;"2025-04-24"
859;986;253;"2025-04-15"
860;646;680;"2025-04-23"
861;425;47;"2025-04-03"
862;228;1000;"2025-04-28"
863;829;218;"2025-04-11"
864;915;687;"2025-04-28"
865;220;259;"2025-04-17"
866;892;288;"2025-04-27"
867;910;770;"2025-04-05"
868;543;658;"2025-04-13"
869;933;727;"2025-04-10"
870;490;754;"2025-04-04"
871;539;970;"2025-04-13"
872;706;498;"2025-04-10"
873;972;194;"2025-04-03"
874;160;485;"2025-04-14"
875;519;461;"2025-04-11"
876;370;699;"2025-04-19"
877;955;380;"2025-04-06"
878;439;319;"2025-04-24"
879;386;872;"2025-04-18"
880;916;510;"2025-04-08"
881;69;144;"2025-04-20"
882;596;19;"2025-04-08"
883;398;223;"2025-04-01"
884;723;674;"2025-04-27"
885;904;14;"2025-04-29"
886;639;276;"2025-04-08"
887;442;207;"2025-04-26"
888;152;566;"2025-04-13"
889;365;858;"2025-04-01"
890;682;272;"2025-04-14"
891;694;386;"2025-04-14"
892;692;494;"2025-04-23"
893;150;595;"2025-04-29"
894;188;319;"2025-04-07"
895;510;357;"2025-04-14"
896;672;225;"2025-04-08"
897;869;643;"2025-04-22"
898;611;684;"2025-04-07"
899;462;112;"2025-04-18"
900;562;663;"2025-04-12"
901;88;762;"2025-04-02"
902;838;620;"2025-04-07"
903;648;451;"2025-04-05"
904;634;854;"2025-04-10"
905;615;874;"2025-04-01"
906;165;717;"2025-04-14"
907;246;711;"2025-04-15"
908;171;196;"2025-04-11"
909;342;515;"2025-04-22"
910;663;972;"2025-04-01"
911;929;68;"2025-04-16"
912;305;730;"2025-04-17"
913;886;328;"2025-04-03"
914;359;213;"2025-04-17"
915;816;523;"2025-04-30"
916;438;609;"2025-04-25"
917;227;860;"2025-04-20"
918;658;688;"2025-04-26"
919;971;758;"2025-04-29"
920;777;382;"2025-04-03"
921;257;433;"2025-04-06"
922;155;323;"2025-04-30"
923;914;205;"2025-04-17"
924;605;214;"2025-04-16"
925;102;60;"2025-04-15"
926;713;289;"2025-04-11"
927;66;264;"2025-04-09"
928;816;398;"2025-04-22"
929;400;346;"2025-04-22"
930;438;662;"2025-04-21"
931;540;520;"2025-04-11"
932;372;691;"2025-04-16"
933;999;68;"2025-04-21"
934;632;527;"2025-04-26"
935;453;905;"2025-04-25"
936;950;661;"2025-04-05"
937;325;911;"2025-04-12"
938;28;377;"2025-04-28"
939;559;969;"2025-04-21"
940;984;29;"2025-04-23"
941;809;434;"2025-04-28"
942;737;307;"2025-04-09"
943;624;651;"2025-04-06"
944;49;953;"2025-04-08"
945;634;861;"2025-04-19"
946;428;204;"2025-04-27"
947;307;805;"2025-04-02"
948;571;921;"2025-04-03"
949;151;467;"2025-04-17"
950;429;415;"2025-04-20"
951;242;52;"2025-04-04"
952;882;462;"2025-04-14"
953;400;525;"2025-04-21"
954;686;534;"2025-04-20"
955;658;526;"2025-04-23"
956;213;479;"2025-04-10"
957;304;739;"2025-04-06"
958;835;238;"2025-04-17"
959;980;328;"2025-04-07"
960;614;869;"2025-04-06"
961;396;557;"2025-04-14"
962;339;338;"2025-04-26"
963;504;724;"2025-04-25"
964;352;204;"2025-04-06"
965;768;214;"2025-04-27"
966;450;732;"2025-04-05"
967;985;301;"2025-04-04"
968;512;47;"2025-04-20"
969;739;216;"2025-04-15"
970;500;121;"2025-04-20"
971;748;713;"2025-04-21"
972;235;944;"2025-04-24"
973;21;58;"2025-04-23"
974;964;410;"2025-04-01"
975;955;625;"2025-04-18"
976;641;488;"2025-04-16"
977;869;13;"2025-04-08"
978;686;522;"2025-04-20"
979;490;759;"2025-04-05"
980;933;983;"2025-04-14"
981;673;890;"2025-04-10"
982;901;184;"2025-04-08"
983;821;994;"2025-04-20"
984;300;445;"2025-04-30"
985;745;438;"2025-04-06"
986;321;837;"2025-04-12"
987;146;859;"2025-04-26"
988;336;421;"2025-04-16"
989;768;393;"2025-04-27"
990;587;702;"2025-04-23"
991;390;643;"2025-04-07"
992;65;860;"2025-04-04"
993;880;554;"2025-04-23"
994;187;400;"2025-04-11"
995;277;58;"2025-04-24"
996;541;650;"2025-04-14"
997;829;577;"2025-04-09"
998;762;291;"2025-04-20"
999;813;864;"2025-04-18"
1000;220;583;"2025-04-28"
1001;62;526;"2024-12-12"
1002;665;706;"2024-10-20"
1003;543;237;"2025-02-16"
1004;902;22;"2025-09-10"
1005;551;764;"2025-01-22"
1006;417;281;"2024-05-31"
1007;282;595;"2025-04-05"
1008;459;462;"2025-02-06"
1009;910;283;"2025-07-04"
1010;218;178;"2024-05-29"
1011;401;574;"2025-05-12"
1012;753;828;"2024-04-11"
1013;972;117;"2025-01-17"
1014;556;853;"2025-05-13"
1015;643;745;"2024-11-23"
1016;113;474;"2025-12-11"
1017;321;567;"2025-03-04"
1018;158;439;"2024-12-19"
1019;970;107;"2025-04-08"
1020;863;594;"2024-04-12"
1021;642;1;"2025-05-26"
1022;15;293;"2025-01-03"
1023;461;18;"2024-01-29"
1024;248;778;"2025-03-22"
1025;604;281;"2025-01-23"
1026;955;256;"2024-01-05"
1027;355;572;"2025-06-06"
1028;278;557;"2025-08-08"
1029;786;1000;"2024-06-30"
1030;371;493;"2025-11-25"
1031;97;551;"2024-12-05"
1032;122;196;"2024-03-21"
1033;60;24;"2024-02-15"
1034;424;217;"2025-01-07"
1035;230;410;"2025-01-15"
1036;804;843;"2024-09-11"
1037;631;919;"2024-01-17"
1038;829;73;"2024-03-17"
1039;715;24;"2025-02-13"
1040;639;120;"2025-03-08"
1041;691;303;"2025-05-26"
1042;999;485;"2024-08-01"
1043;831;971;"2025-01-09"
1044;137;961;"2025-09-15"
1045;12;17;"2024-10-14"
1046;827;923;"2024-11-24"
1047;317;40;"2025-01-29"
1048;634;699;"2024-05-20"
1049;374;432;"2024-06-12"
1050;625;66;"2025-11-24"
1051;545;748;"2024-10-24"
1052;419;394;"2024-01-29"
1053;148;293;"2024-01-20"
1054;499;317;"2024-01-04"
1055;924;639;"2024-01-23"
1056;627;583;"2025-09-19"
1057;566;505;"2025-12-07"
1058;657;465;"2025-03-12"
1059;906;57;"2025-09-22"
1060;504;717;"2024-07-04"
1061;99;19;"2024-06-22"
1062;292;75;"2025-06-05"
1063;189;737;"2024-04-16"
1064;561;23;"2024-11-01"
1065;199;694;"2024-03-21"
1066;404;294;"2024-06-11"
1067;576;666;"2024-05-24"
1068;2;749;"2025-07-25"
1069;236;68;"2025-02-22"
1070;737;255;"2024-12-26"
1071;902;453;"2025-01-13"
1072;490;77;"2024-03-24"
1073;484;771;"2024-06-01"
1074;36;560;"2025-04-12"
1075;613;86;"2025-01-05"
1076;852;253;"2024-11-09"
1077;469;760;"2024-04-17"
1078;86;473;"2025-12-18"
1079;724;245;"2024-12-23"
1080;179;546;"2024-10-25"
1081;730;299;"2024-05-05"
1082;286;431;"2024-03-13"
1083;429;569;"2024-10-13"
1084;849;894;"2024-04-25"
1085;283;239;"2024-03-31"
1086;203;432;"2024-03-18"
1087;966;281;"2025-08-17"
1088;164;10;"2025-06-01"
1089;665;600;"2025-12-16"
1090;762;262;"2025-09-05"
1091;834;629;"2025-03-12"
1092;885;335;"2025-07-27"
1093;640;269;"2025-01-07"
1094;651;736;"2025-01-20"
1095;246;500;"2025-02-19"
1096;950;206;"2025-05-25"
1097;928;176;"2024-08-02"
1098;46;240;"2025-12-17"
1099;430;363;"2024-06-25"
1100;812;966;"2025-06-08"
1101;140;770;"2025-07-11"
1102;396;373;"2025-03-27"
1103;818;436;"2025-07-21"
1104;565;771;"2025-04-10"
1105;132;353;"2024-01-25"
1106;51;164;"2024-06-17"
1107;78;146;"2025-12-03"
1108;674;351;"2025-08-23"
1109;362;404;"2025-05-28"
1110;491;227;"2025-08-25"
1111;612;600;"2025-02-16"
1112;345;676;"2025-01-16"
1113;505;777;"2025-07-19"
1114;758;350;"2025-04-03"
1115;929;767;"2024-02-17"
1116;164;599;"2025-09-27"
1117;771;512;"2024-03-13"
1118;732;954;"2024-05-06"
1119;880;213;"2024-07-23"
1120;908;525;"2025-08-18"
1121;720;735;"2025-05-28"
1122;586;42;"2024-03-02"
1123;454;697;"2025-10-23"
1124;543;407;"2025-03-30"
1125;606;694;"2024-05-18"
1126;999;474;"2024-12-04"
1127;235;533;"2025-11-14"
1128;336;844;"2024-06-02"
1129;83;776;"2025-10-09"
1130;526;884;"2025-12-29"
1131;763;600;"2025-04-24"
1132;925;563;"2025-06-11"
1133;33;249;"2025-09-19"
1134;318;348;"2025-02-19"
1135;169;88;"2024-05-03"
1136;658;811;"2025-12-13"
1137;366;460;"2025-10-17"
1138;739;350;"2024-07-11"
1139;767;475;"2025-03-25"
1140;933;589;"2025-10-28"
1141;225;219;"2024-01-09"
1142;816;286;"2025-05-15"
1143;857;29;"2025-07-22"
1144;866;530;"2024-08-10"
1145;962;397;"2024-04-26"
1146;428;596;"2024-07-03"
1147;554;916;"2025-06-18"
1148;803;341;"2024-11-29"
1149;228;555;"2025-07-11"
1150;989;579;"2024-05-21"
1151;415;812;"2024-07-12"
1152;772;761;"2025-06-07"
1153;10;111;"2024-02-20"
1154;289;829;"2024-11-05"
1155;964;361;"2024-04-30"
1156;995;764;"2025-06-10"
1157;836;353;"2024-01-01"
1158;622;525;"2024-07-10"
1159;355;447;"2024-12-20"
1160;168;994;"2025-08-06"
1161;833;618;"2025-03-16"
1162;596;836;"2025-11-21"
1163;905;39;"2024-08-11"
1164;278;505;"2024-07-07"
1165;990;150;"2024-05-07"
1166;45;446;"2025-12-22"
1167;152;52;"2025-02-20"
1168;782;396;"2024-06-24"
1169;64;600;"2025-11-25"
1170;918;211;"2024-10-26"
1171;183;324;"2024-10-01"
1172;835;157;"2025-01-06"
1173;890;647;"2025-05-19"
1174;631;51;"2025-12-29"
1175;256;487;"2024-06-28"
1176;490;107;"2025-11-13"
1177;439;967;"2025-10-19"
1178;29;467;"2024-01-19"
1179;254;89;"2025-01-18"
1180;60;322;"2024-06-23"
1181;546;165;"2024-12-14"
1182;290;609;"2025-09-30"
1183;582;361;"2024-09-01"
1184;674;135;"2024-03-09"
1185;546;503;"2024-01-05"
1186;954;609;"2025-09-13"
1187;471;954;"2025-09-18"
1188;693;921;"2025-12-12"
1189;957;907;"2025-10-23"
1190;494;943;"2024-03-06"
1191;18;48;"2024-05-17"
1192;74;852;"2024-07-22"
1193;98;364;"2024-02-08"
1194;640;504;"2024-08-04"
1195;834;48;"2024-07-10"
1196;753;498;"2025-03-07"
1197;971;994;"2024-02-01"
1198;377;945;"2024-07-18"
1199;446;576;"2025-08-06"
1200;118;196;"2025-01-11"
1201;22;92;"2025-02-05"
1202;692;66;"2025-05-10"
1203;995;105;"2024-08-12"
1204;354;984;"2025-06-19"
1205;999;318;"2025-02-05"
1206;980;743;"2024-07-10"
1207;895;994;"2024-11-05"
1208;372;618;"2024-02-17"
1209;954;489;"2024-05-04"
1210;70;224;"2024-09-14"
1211;281;535;"2024-05-23"
1212;950;623;"2025-09-15"
1213;454;1000;"2024-01-06"
1214;877;805;"2024-11-30"
1215;646;110;"2025-05-20"
1216;59;634;"2024-12-29"
1217;227;816;"2025-10-31"
1218;342;106;"2025-09-11"
1219;510;188;"2024-12-11"
1220;364;393;"2025-06-25"
1221;837;989;"2024-06-05"
1222;630;859;"2025-07-23"
1223;566;33;"2024-10-18"
1224;954;569;"2024-06-27"
1225;308;130;"2025-09-20"
1226;978;639;"2024-06-20"
1227;722;450;"2024-10-05"
1228;681;372;"2025-07-03"
1229;760;299;"2025-09-02"
1230;246;779;"2024-09-11"
1231;61;646;"2025-04-13"
1232;725;686;"2024-01-16"
1233;901;382;"2024-09-22"
1234;646;64;"2025-10-12"
1235;242;391;"2024-02-07"
1236;351;990;"2024-05-02"
1237;446;62;"2024-05-18"
1238;212;889;"2025-02-05"
1239;722;666;"2024-07-29"
1240;213;277;"2024-01-16"
1241;166;22;"2025-01-05"
1242;590;639;"2024-08-09"
1243;966;526;"2025-06-30"
1244;742;698;"2025-03-20"
1245;379;228;"2025-07-07"
1246;719;466;"2025-09-13"
1247;89;555;"2024-05-08"
1248;768;21;"2024-04-29"
1249;4;470;"2025-05-21"
1250;547;672;"2024-12-09"
1251;939;869;"2024-12-17"
1252;68;820;"2024-05-13"
1253;378;331;"2024-04-12"
1254;220;52;"2025-08-26"
1255;526;138;"2025-11-04"
1256;632;427;"2024-04-20"
1257;244;436;"2024-04-25"
1258;761;193;"2024-04-30"
1259;524;305;"2025-03-12"
1260;836;630;"2024-05-22"
1261;342;968;"2024-06-04"
1262;946;458;"2024-03-06"
1263;245;263;"2025-03-12"
1264;277;837;"2024-03-25"
1265;399;454;"2025-10-27"
1266;700;506;"2024-12-14"
1267;887;997;"2024-03-14"
1268;399;53;"2025-10-21"
1269;140;300;"2024-06-07"
1270;580;891;"2024-07-28"
1271;619;680;"2025-10-29"
1272;211;697;"2025-11-23"
1273;55;154;"2024-01-31"
1274;846;268;"2025-07-26"
1275;692;877;"2024-05-20"
1276;85;669;"2024-06-28"
1277;765;229;"2025-10-02"
1278;504;411;"2025-12-14"
1279;155;116;"2025-03-18"
1280;715;415;"2024-03-22"
1281;878;622;"2025-11-21"
1282;130;617;"2025-12-23"
1283;915;369;"2024-09-22"
1284;918;806;"2025-10-14"
1285;759;344;"2024-02-16"
1286;615;715;"2025-06-04"
1287;191;846;"2024-05-22"
1288;484;199;"2024-11-20"
1289;349;210;"2024-03-26"
1290;936;356;"2025-08-31"
1291;181;173;"2025-02-21"
1292;104;646;"2024-09-15"
1293;550;962;"2024-02-04"
1294;479;151;"2025-04-21"
1295;806;806;"2024-07-22"
1296;241;789;"2025-03-01"
1297;598;322;"2024-03-17"
1298;746;634;"2025-05-03"
1299;151;493;"2024-03-16"
1300;372;551;"2024-05-31"
1301;361;165;"2025-06-23"
1302;897;286;"2024-04-02"
1303;606;484;"2024-12-08"
1304;594;327;"2024-02-27"
1305;457;829;"2025-06-28"
1306;630;618;"2025-10-04"
1307;807;799;"2025-08-21"
1308;40;100;"2025-10-29"
1309;961;461;"2025-12-04"
1310;928;198;"2024-01-05"
1311;9;875;"2024-07-19"
1312;518;227;"2024-10-16"
1313;411;369;"2025-10-18"
1314;100;281;"2025-06-08"
1315;970;199;"2025-12-02"
1316;115;495;"2024-06-24"
1317;963;940;"2024-05-15"
1318;681;807;"2024-09-08"
1319;50;325;"2025-06-19"
1320;263;78;"2025-10-11"
1321;479;754;"2025-08-05"
1322;503;921;"2025-05-09"
1323;148;23;"2025-09-03"
1324;922;30;"2024-09-20"
1325;905;802;"2024-12-10"
1326;428;603;"2024-09-07"
1327;278;627;"2025-01-17"
1328;587;263;"2024-06-10"
1329;379;997;"2025-08-18"
1330;724;778;"2024-11-08"
1331;409;639;"2025-10-07"
1332;465;602;"2025-11-30"
1333;136;859;"2025-01-07"
1334;94;311;"2025-01-06"
1335;333;565;"2024-07-01"
1336;575;932;"2024-12-08"
1337;458;633;"2024-09-24"
1338;478;698;"2025-06-05"
1339;316;420;"2025-10-13"
1340;813;599;"2025-10-05"
1341;17;713;"2025-05-26"
1342;896;74;"2025-07-01"
1343;261;908;"2024-09-26"
1344;338;42;"2024-10-03"
1345;805;351;"2025-06-28"
1346;464;537;"2024-02-29"
1347;262;774;"2025-03-15"
1348;881;615;"2025-12-01"
1349;420;124;"2024-01-10"
1350;515;613;"2025-09-02"
1351;661;9;"2025-02-02"
1352;469;66;"2024-07-19"
1353;663;520;"2024-12-10"
1354;653;21;"2024-07-18"
1355;411;614;"2024-11-25"
1356;155;209;"2025-11-16"
1357;281;314;"2024-11-18"
1358;591;735;"2025-05-02"
1359;468;341;"2025-03-09"
1360;468;2;"2025-08-31"
1361;683;945;"2025-06-29"
1362;840;773;"2025-06-08"
1363;436;887;"2025-07-21"
1364;937;381;"2024-07-29"
1365;381;259;"2024-09-12"
1366;353;273;"2025-11-03"
1367;587;31;"2024-04-18"
1368;22;760;"2025-06-24"
1369;191;243;"2024-05-25"
1370;593;449;"2024-09-22"
1371;957;229;"2025-09-24"
1372;799;489;"2024-07-27"
1373;310;171;"2025-01-28"
1374;716;154;"2024-07-25"
1375;260;935;"2025-02-22"
1376;724;269;"2025-12-21"
1377;860;835;"2025-04-11"
1378;884;28;"2024-01-21"
1379;509;992;"2025-04-08"
1380;703;165;"2024-06-10"
1381;67;828;"2025-11-12"
1382;630;130;"2024-02-23"
1383;449;213;"2025-04-03"
1384;774;433;"2025-03-22"
1385;182;875;"2024-11-21"
1386;639;806;"2024-07-14"
1387;402;518;"2024-09-03"
1388;819;608;"2025-09-12"
1389;627;167;"2024-11-04"
1390;528;346;"2025-11-24"
1391;96;823;"2025-06-16"
1392;295;755;"2025-08-04"
1393;198;890;"2025-07-07"
1394;783;456;"2024-04-17"
1395;51;337;"2025-03-13"
1396;677;448;"2025-06-27"
1397;861;55;"2025-06-12"
1398;276;378;"2025-12-22"
1399;973;207;"2025-04-16"
1400;982;277;"2024-04-01"
1401;699;828;"2024-10-04"
1402;444;209;"2024-04-25"
1403;870;105;"2024-12-31"
1404;790;977;"2024-05-16"
1405;580;208;"2024-02-01"
1406;759;344;"2025-08-02"
1407;271;131;"2025-10-15"
1408;650;8;"2024-01-01"
1409;280;458;"2024-10-05"
1410;836;130;"2025-04-03"
1411;691;54;"2025-06-29"
1412;88;840;"2024-04-13"
1413;431;380;"2024-07-31"
1414;77;476;"2024-01-16"
1415;462;894;"2025-08-22"
1416;673;760;"2025-11-20"
1417;908;641;"2025-09-28"
1418;943;310;"2025-08-11"
1419;314;272;"2025-08-07"
1420;552;96;"2024-08-30"
1421;781;817;"2024-05-10"
1422;873;985;"2024-07-25"
1423;340;554;"2024-09-30"
1424;453;934;"2024-10-25"
1425;724;12;"2024-12-16"
1426;170;801;"2024-07-16"
1427;229;770;"2025-09-22"
1428;282;976;"2024-01-13"
1429;292;265;"2025-06-25"
1430;988;787;"2025-09-20"
1431;134;669;"2025-10-02"
1432;350;176;"2024-08-04"
1433;453;411;"2024-11-12"
1434;453;226;"2024-07-11"
1435;877;524;"2025-07-31"
1436;581;46;"2025-09-17"
1437;397;364;"2024-01-07"
1438;825;807;"2024-07-28"
1439;416;729;"2025-05-04"
1440;995;608;"2025-04-20"
1441;257;718;"2024-02-16"
1442;749;427;"2024-07-10"
1443;909;388;"2024-03-16"
1444;916;822;"2025-01-18"
1445;953;826;"2025-02-05"
1446;548;842;"2025-08-21"
1447;914;196;"2024-03-20"
1448;781;621;"2025-06-05"
1449;55;340;"2025-07-30"
1450;205;423;"2024-06-14"
1451;71;298;"2024-07-02"
1452;746;684;"2024-01-07"
1453;4;185;"2025-06-20"
1454;105;102;"2024-04-17"
1455;912;133;"2025-01-16"
1456;656;169;"2024-06-18"
1457;546;223;"2025-09-04"
1458;752;954;"2025-01-18"
1459;773;162;"2024-07-11"
1460;705;982;"2024-01-11"
1461;956;657;"2024-01-10"
1462;637;145;"2025-03-14"
1463;627;280;"2024-10-07"
1464;461;67;"2024-05-24"
1465;210;131;"2025-01-10"
1466;469;684;"2025-06-24"
1467;848;945;"2025-05-27"
1468;409;319;"2024-03-21"
1469;736;604;"2024-03-23"
1470;922;251;"2025-12-24"
1471;351;546;"2024-04-17"
1472;339;311;"2024-06-17"
1473;829;605;"2024-09-08"
1474;957;370;"2025-08-28"
1475;88;551;"2024-06-25"
1476;802;755;"2025-02-09"
1477;262;13;"2024-03-29"
1478;825;999;"2025-12-23"
1479;625;195;"2024-09-14"
1480;27;487;"2024-02-11"
1481;720;92;"2024-02-29"
1482;461;491;"2025-11-08"
1483;15;206;"2025-08-10"
1484;17;351;"2025-02-24"
1485;782;375;"2025-03-03"
1486;539;105;"2024-09-09"
1487;426;248;"2024-05-23"
1488;311;33;"2025-07-16"
1489;716;2;"2025-12-14"
1490;351;970;"2024-12-09"
1491;586;147;"2025-08-18"
1492;965;404;"2024-01-07"
1493;433;386;"2024-04-13"
1494;753;285;"2025-03-01"
1495;543;59;"2025-11-29"
1496;220;370;"2025-03-01"
1497;848;714;"2024-04-01"
1498;255;787;"2024-08-12"
1499;267;858;"2024-12-17"
1500;115;197;"2025-10-02"
1501;232;365;"2024-07-05"
1502;510;288;"2025-05-24"
1503;328;24;"2024-01-03"
1504;538;361;"2025-09-25"
1505;366;142;"2024-12-07"
1506;757;591;"2024-02-11"
1507;625;376;"2024-11-28"
1508;980;394;"2025-07-08"
1509;233;578;"2024-11-05"
1510;363;269;"2025-09-26"
1511;289;337;"2024-12-14"
1512;521;759;"2024-12-19"
1513;942;775;"2024-09-02"
1514;608;74;"2025-08-18"
1515;57;762;"2024-04-25"
1516;252;625;"2025-09-08"
1517;426;313;"2024-03-22"
1518;787;102;"2025-05-02"
1519;453;184;"2024-04-28"
1520;769;588;"2024-02-22"
1521;175;928;"2024-12-13"
1522;721;690;"2024-06-13"
1523;960;366;"2025-10-24"
1524;115;688;"2024-03-13"
1525;234;563;"2025-11-23"
1526;640;689;"2025-11-07"
1527;422;321;"2024-11-29"
1528;721;115;"2025-07-19"
1529;214;335;"2024-01-20"
1530;125;749;"2025-01-22"
1531;1;886;"2025-09-15"
1532;530;659;"2024-12-18"
1533;225;160;"2024-06-01"
1534;860;284;"2024-10-07"
1535;686;735;"2024-03-13"
1536;153;600;"2025-03-29"
1537;675;846;"2025-09-09"
1538;212;505;"2025-05-02"
1539;502;394;"2025-01-23"
1540;960;889;"2025-02-19"
1541;47;351;"2024-10-19"
1542;541;185;"2024-06-29"
1543;954;47;"2025-03-26"
1544;505;133;"2024-03-14"
1545;215;871;"2024-06-08"
1546;551;737;"2024-02-07"
1547;284;617;"2024-10-08"
1548;767;73;"2025-01-10"
1549;496;867;"2024-03-30"
1550;290;996;"2025-07-06"
1551;473;985;"2025-03-30"
1552;715;821;"2025-05-12"
1553;816;103;"2025-01-15"
1554;698;608;"2025-02-17"
1555;530;706;"2024-06-15"
1556;425;979;"2024-12-25"
1557;85;314;"2025-04-07"
1558;973;981;"2025-03-20"
1559;533;641;"2024-09-14"
1560;627;629;"2025-08-27"
1561;932;223;"2025-01-25"
1562;614;802;"2025-06-07"
1563;537;362;"2024-09-05"
1564;150;485;"2025-01-30"
1565;648;26;"2025-02-26"
1566;947;263;"2024-07-11"
1567;461;422;"2024-12-28"
1568;665;793;"2024-12-23"
1569;342;931;"2025-08-23"
1570;125;30;"2024-10-06"
1571;667;560;"2024-06-30"
1572;127;551;"2024-01-17"
1573;241;430;"2024-04-19"
1574;597;412;"2024-03-31"
1575;509;416;"2024-07-12"
1576;540;207;"2024-01-10"
1577;827;25;"2025-02-14"
1578;387;776;"2025-07-10"
1579;693;953;"2024-12-22"
1580;221;756;"2025-08-10"
1581;553;220;"2024-12-06"
1582;669;601;"2024-04-01"
1583;965;488;"2024-06-03"
1584;169;825;"2024-04-24"
1585;925;714;"2025-07-03"
1586;734;74;"2024-01-08"
1587;780;36;"2024-03-01"
1588;270;357;"2024-02-14"
1589;949;864;"2024-04-29"
1590;72;967;"2024-04-04"
1591;506;666;"2025-10-13"
1592;593;571;"2024-06-28"
1593;714;648;"2024-08-27"
1594;932;723;"2024-03-04"
1595;563;347;"2025-05-15"
1596;192;585;"2025-05-13"
1597;539;907;"2024-02-26"
1598;403;361;"2024-10-08"
1599;405;944;"2025-11-07"
1600;462;54;"2025-11-11"
1601;737;914;"2024-03-24"
1602;715;768;"2024-07-11"
1603;571;153;"2025-04-17"
1604;600;571;"2024-03-17"
1605;985;318;"2025-08-30"
1606;563;891;"2025-09-06"
1607;854;648;"2025-04-29"
1608;460;35;"2025-03-22"
1609;729;355;"2025-11-18"
1610;891;984;"2025-11-07"
1611;687;200;"2025-03-27"
1612;869;193;"2024-08-30"
1613;992;852;"2025-04-15"
1614;141;89;"2024-07-22"
1615;841;118;"2024-05-11"
1616;243;954;"2024-06-06"
1617;504;635;"2025-08-05"
1618;905;374;"2024-09-16"
1619;245;403;"2024-12-19"
1620;535;921;"2025-01-11"
1621;109;570;"2024-12-11"
1622;40;595;"2024-12-30"
1623;472;559;"2024-08-25"
1624;521;2;"2025-03-22"
1625;404;627;"2025-06-09"
1626;228;583;"2024-10-23"
1627;808;311;"2025-12-16"
1628;761;415;"2025-07-25"
1629;768;65;"2025-07-10"
1630;160;85;"2025-06-03"
1631;40;80;"2025-11-20"
1632;744;381;"2025-02-27"
1633;87;888;"2024-08-02"
1634;804;268;"2024-10-12"
1635;418;283;"2024-09-26"
1636;692;213;"2025-01-10"
1637;725;877;"2024-01-05"
1638;355;553;"2025-12-06"
1639;262;628;"2025-03-25"
1640;543;409;"2025-10-29"
1641;382;916;"2024-08-02"
1642;672;664;"2025-02-01"
1643;304;531;"2024-06-08"
1644;311;644;"2025-07-21"
1645;537;118;"2025-06-06"
1646;185;669;"2024-11-30"
1647;528;28;"2024-05-21"
1648;421;247;"2024-05-04"
1649;70;729;"2025-07-29"
1650;560;559;"2024-10-20"
1651;994;669;"2025-02-08"
1652;312;55;"2024-02-10"
1653;888;991;"2025-01-30"
1654;478;144;"2025-12-23"
1655;490;504;"2024-05-17"
1656;933;819;"2025-09-05"
1657;992;67;"2024-08-23"
1658;994;667;"2025-04-10"
1659;892;692;"2024-04-15"
1660;283;940;"2025-05-19"
1661;672;239;"2024-02-20"
1662;540;484;"2025-10-31"
1663;679;138;"2025-04-06"
1664;36;28;"2024-01-08"
1665;737;998;"2025-08-20"
1666;622;70;"2025-08-06"
1667;838;365;"2024-10-25"
1668;195;342;"2025-05-08"
1669;647;850;"2024-01-06"
1670;865;555;"2024-05-02"
1671;878;421;"2025-12-06"
1672;517;939;"2024-02-23"
1673;507;900;"2024-10-24"
1674;566;283;"2024-10-03"
1675;630;664;"2024-01-11"
1676;197;265;"2025-07-05"
1677;837;611;"2025-03-13"
1678;377;437;"2024-10-14"
1679;930;692;"2024-12-26"
1680;956;266;"2024-10-17"
1681;666;203;"2025-11-29"
1682;4;819;"2025-10-02"
1683;654;530;"2025-08-17"
1684;649;258;"2025-09-05"
1685;911;833;"2024-04-28"
1686;53;14;"2024-03-22"
1687;275;471;"2025-10-20"
1688;735;421;"2024-09-02"
1689;706;405;"2025-03-11"
1690;335;619;"2024-02-19"
1691;958;421;"2025-11-13"
1692;550;955;"2024-11-16"
1693;984;173;"2024-07-18"
1694;641;368;"2025-06-11"
1695;763;981;"2025-11-07"
1696;205;819;"2025-06-12"
1697;367;838;"2024-03-18"
1698;547;195;"2025-07-21"
1699;231;625;"2024-11-23"
1700;398;872;"2025-11-30"
1701;26;688;"2024-05-30"
1702;44;549;"2025-06-05"
1703;259;444;"2024-10-26"
1704;247;433;"2025-01-11"
1705;365;142;"2025-07-30"
1706;92;837;"2024-10-22"
1707;564;568;"2025-09-25"
1708;129;324;"2024-05-26"
1709;318;265;"2025-06-25"
1710;651;647;"2024-02-04"
1711;93;605;"2024-08-30"
1712;371;925;"2025-05-30"
1713;490;590;"2024-01-12"
1714;366;559;"2024-02-20"
1715;114;994;"2025-10-10"
1716;196;183;"2025-03-28"
1717;678;898;"2024-12-30"
1718;428;63;"2025-10-23"
1719;972;715;"2024-09-26"
1720;301;318;"2025-03-10"
1721;281;288;"2025-01-22"
1722;261;915;"2025-10-08"
1723;449;94;"2025-10-29"
1724;906;281;"2024-01-01"
1725;151;93;"2024-11-28"
1726;853;863;"2025-10-04"
1727;615;647;"2025-09-17"
1728;875;799;"2025-01-22"
1729;335;351;"2024-12-16"
1730;757;705;"2025-06-05"
1731;858;264;"2024-10-30"
1732;275;792;"2024-06-17"
1733;448;553;"2025-06-24"
1734;14;987;"2025-04-22"
1735;193;511;"2025-05-26"
1736;885;844;"2025-08-16"
1737;617;668;"2024-05-27"
1738;993;329;"2025-07-27"
1739;4;705;"2024-12-03"
1740;491;117;"2025-12-20"
1741;238;153;"2024-04-30"
1742;75;849;"2024-02-11"
1743;731;305;"2024-06-16"
1744;100;211;"2024-02-20"
1745;266;763;"2025-12-11"
1746;308;517;"2024-01-29"
1747;364;921;"2024-12-15"
1748;216;167;"2025-09-15"
1749;217;527;"2025-07-06"
1750;245;863;"2024-08-02"
1751;99;465;"2025-08-07"
1752;831;267;"2025-05-03"
1753;1000;216;"2025-04-18"
1754;244;452;"2025-01-28"
1755;82;607;"2025-11-24"
1756;829;657;"2025-04-14"
1757;93;389;"2025-04-04"
1758;284;542;"2025-08-05"
1759;497;765;"2025-12-28"
1760;505;130;"2025-04-28"
1761;182;923;"2025-02-25"
1762;640;808;"2025-03-05"
1763;239;508;"2025-11-24"
1764;49;476;"2024-01-20"
1765;598;818;"2024-08-08"
1766;555;737;"2025-02-17"
1767;260;937;"2025-04-26"
1768;347;549;"2025-01-03"
1769;986;877;"2024-07-15"
1770;281;829;"2024-12-09"
1771;224;1;"2025-03-31"
1772;452;163;"2025-07-16"
1773;912;955;"2024-12-18"
1774;536;267;"2024-11-19"
1775;823;635;"2024-11-04"
1776;695;578;"2024-12-06"
1777;493;711;"2025-01-20"
1778;198;744;"2025-10-20"
1779;285;362;"2024-04-04"
1780;305;312;"2024-03-26"
1781;430;291;"2025-09-20"
1782;39;426;"2024-01-11"
1783;170;172;"2024-07-30"
1784;139;65;"2024-10-26"
1785;282;57;"2025-01-12"
1786;375;563;"2024-07-01"
1787;856;160;"2025-06-11"
1788;368;229;"2024-01-09"
1789;681;654;"2025-11-15"
1790;715;993;"2024-04-23"
1791;739;538;"2024-07-25"
1792;636;488;"2024-08-01"
1793;1;19;"2025-09-20"
1794;895;296;"2025-06-08"
1795;34;619;"2025-10-30"
1796;9;174;"2025-05-04"
1797;247;775;"2025-03-09"
1798;745;421;"2024-05-13"
1799;671;422;"2024-11-16"
1800;79;914;"2024-08-28"
1801;501;749;"2025-03-12"
1802;685;159;"2025-03-14"
1803;167;484;"2024-04-06"
1804;113;913;"2024-10-09"
1805;783;470;"2024-11-17"
1806;840;673;"2025-02-08"
1807;146;607;"2024-01-07"
1808;235;889;"2024-07-16"
1809;115;829;"2025-03-01"
1810;698;106;"2024-11-08"
1811;713;802;"2024-09-26"
1812;941;796;"2024-02-14"
1813;621;125;"2024-03-26"
1814;136;852;"2025-06-21"
1815;627;981;"2024-04-21"
1816;44;351;"2025-04-22"
1817;830;699;"2024-06-11"
1818;312;738;"2025-07-14"
1819;316;630;"2025-01-27"
1820;781;477;"2025-08-17"
1821;435;684;"2025-02-09"
1822;474;212;"2024-07-04"
1823;109;948;"2024-09-27"
1824;612;137;"2024-04-18"
1825;24;598;"2024-05-13"
1826;608;413;"2024-11-28"
1827;574;625;"2025-04-16"
1828;792;892;"2025-09-18"
1829;651;209;"2024-06-07"
1830;222;978;"2024-01-19"
1831;793;77;"2024-10-28"
1832;350;690;"2024-07-26"
1833;843;326;"2024-01-08"
1834;439;504;"2025-08-28"
1835;727;80;"2025-03-14"
1836;845;414;"2025-09-03"
1837;646;149;"2024-02-15"
1838;961;376;"2025-12-04"
1839;468;957;"2025-12-09"
1840;472;837;"2025-08-18"
1841;328;176;"2025-08-16"
1842;820;8;"2024-05-17"
1843;467;137;"2025-06-11"
1844;289;436;"2024-11-01"
1845;9;540;"2025-03-09"
1846;508;961;"2025-10-16"
1847;806;207;"2024-04-06"
1848;153;417;"2024-11-11"
1849;939;593;"2024-05-03"
1850;465;342;"2025-06-17"
1851;696;706;"2024-04-29"
1852;651;108;"2024-08-07"
1853;814;765;"2024-06-08"
1854;865;172;"2024-09-25"
1855;818;357;"2025-01-31"
1856;762;920;"2024-03-31"
1857;651;438;"2024-07-28"
1858;915;136;"2024-12-15"
1859;568;495;"2025-03-02"
1860;863;208;"2025-01-28"
1861;368;562;"2024-06-30"
1862;204;85;"2024-06-15"
1863;201;312;"2025-06-28"
1864;457;599;"2025-10-03"
1865;686;709;"2025-01-07"
1866;804;56;"2025-11-27"
1867;69;501;"2024-04-12"
1868;217;240;"2025-02-27"
1869;14;893;"2024-01-20"
1870;451;978;"2025-02-24"
1871;968;91;"2025-11-25"
1872;773;89;"2024-08-07"
1873;895;282;"2025-09-25"
1874;578;609;"2025-11-17"
1875;790;221;"2025-01-26"
1876;430;822;"2024-11-01"
1877;372;862;"2024-06-20"
1878;128;685;"2024-12-21"
1879;514;164;"2025-07-20"
1880;387;657;"2024-01-03"
1881;978;368;"2024-03-01"
1882;85;442;"2024-03-30"
1883;971;497;"2025-06-26"
1884;846;58;"2024-02-08"
1885;413;198;"2024-01-22"
1886;666;709;"2025-01-24"
1887;333;600;"2024-07-24"
1888;919;145;"2025-01-02"
1889;182;516;"2025-05-02"
1890;574;21;"2024-10-27"
1891;83;399;"2025-05-12"
1892;659;178;"2024-05-03"
1893;796;542;"2025-11-18"
1894;75;526;"2024-12-29"
1895;993;436;"2024-05-17"
1896;11;179;"2025-07-03"
1897;344;211;"2025-01-31"
1898;637;325;"2025-12-23"
1899;815;507;"2024-03-10"
1900;658;979;"2024-02-28"
1901;18;538;"2024-06-30"
1902;948;476;"2024-08-17"
1903;854;867;"2025-12-27"
1904;662;181;"2024-12-28"
1905;652;835;"2024-12-11"
1906;599;551;"2024-12-20"
1907;121;358;"2024-10-13"
1908;386;186;"2024-07-19"
1909;143;493;"2024-06-10"
1910;372;272;"2025-08-16"
1911;112;787;"2025-06-27"
1912;680;939;"2024-05-22"
1913;320;70;"2025-01-26"
1914;558;709;"2024-10-25"
1915;690;876;"2024-08-01"
1916;470;157;"2024-07-21"
1917;3;893;"2025-01-04"
1918;702;456;"2025-01-10"
1919;178;343;"2024-03-25"
1920;947;461;"2024-08-25"
1921;74;486;"2024-08-31"
1922;315;901;"2025-10-28"
1923;87;794;"2024-05-08"
1924;199;311;"2024-12-16"
1925;367;682;"2024-09-26"
1926;736;769;"2024-05-04"
1927;932;352;"2025-09-09"
1928;766;53;"2024-06-28"
1929;148;217;"2024-07-14"
1930;357;826;"2025-10-31"
1931;412;801;"2024-01-31"
1932;611;684;"2025-06-08"
1933;726;192;"2024-09-13"
1934;321;173;"2025-10-14"
1935;908;664;"2024-05-10"
1936;915;120;"2024-08-25"
1937;958;157;"2025-08-08"
1938;381;171;"2025-03-06"
1939;219;161;"2025-08-15"
1940;874;184;"2025-03-04"
1941;781;332;"2024-08-06"
1942;234;722;"2025-05-06"
1943;985;373;"2025-05-07"
1944;698;426;"2025-05-01"
1945;408;774;"2024-05-27"
1946;915;449;"2024-12-09"
1947;397;276;"2025-07-01"
1948;807;344;"2024-01-21"
1949;166;737;"2025-06-23"
1950;397;719;"2025-04-12"
1951;882;36;"2024-07-26"
1952;388;605;"2024-11-12"
1953;200;698;"2025-05-27"
1954;359;123;"2025-12-20"
1955;28;692;"2024-08-18"
1956;119;412;"2024-01-15"
1957;82;519;"2024-11-19"
1958;342;336;"2024-04-02"
1959;786;483;"2024-08-13"
1960;205;124;"2024-01-03"
1961;513;289;"2024-07-22"
1962;774;814;"2024-10-16"
1963;567;610;"2024-06-25"
1964;118;370;"2025-03-21"
1965;389;122;"2024-01-08"
1966;420;424;"2025-08-17"
1967;221;613;"2025-01-14"
1968;905;55;"2025-09-09"
1969;784;289;"2024-05-29"
1970;37;145;"2024-03-31"
1971;38;597;"2025-05-06"
1972;532;409;"2024-11-04"
1973;148;868;"2025-02-24"
1974;997;571;"2024-08-12"
1975;963;57;"2025-08-28"
1976;69;572;"2024-03-10"
1977;210;260;"2025-10-08"
1978;572;912;"2024-01-05"
1979;997;937;"2024-02-16"
1980;287;849;"2025-08-18"
1981;39;761;"2024-10-04"
1982;492;390;"2024-05-22"
1983;766;861;"2024-08-10"
1984;431;458;"2024-02-04"
1985;592;501;"2024-07-20"
1986;728;871;"2025-08-08"
1987;856;881;"2025-05-01"
1988;89;421;"2024-12-23"
1989;827;332;"2025-04-18"
1990;617;222;"2025-04-14"
1991;698;371;"2024-02-19"
1992;752;73;"2024-11-03"
1993;637;847;"2024-04-21"
1994;866;615;"2025-08-16"
1995;269;999;"2024-03-16"
1996;860;466;"2024-09-18"
1997;332;377;"2025-02-28"
1998;936;487;"2025-02-22"
1999;30;667;"2024-12-20"
2000;836;90;"2024-02-16"
